manager_id,manager_group,team_experience,engagement
M001,Bottom quartile,Newer,62.8
M002,Bottom quartile,Newer,61.9
M003,Top quartile,Newer,67.6
M004,Bottom quartile,Newer,62.5
M005,Top quartile,Experienced,89.5
M006,Bottom quartile,Experienced,75.3
M007,Top quartile,Newer,66.8
M008,Bottom quartile,Newer,71.3
M009,Top quartile,Newer,72.2
M010,Bottom quartile,Newer,78
M011,Bottom quartile,Newer,65.8
M012,Top quartile,Newer,72.6
M013,Top quartile,Experienced,67.3
M014,Top quartile,Experienced,87.8
M015,Top quartile,Experienced,81.3
M016,Bottom quartile,Experienced,67.7
M017,Bottom quartile,Experienced,77.6
M018,Top quartile,Experienced,79.6
M019,Top quartile,Experienced,69.9
M020,Top quartile,Experienced,94.9
M021,Top quartile,Experienced,64.8
M022,Bottom quartile,Newer,82.3
M023,Bottom quartile,Newer,76.4
M024,Bottom quartile,Newer,65.3
M025,Bottom quartile,Newer,70
M026,Top quartile,Experienced,74.4
M027,Bottom quartile,Newer,60.9
M028,Bottom quartile,Experienced,81.5
M029,Bottom quartile,Newer,74.8
M030,Top quartile,Experienced,84.3
M031,Top quartile,Newer,61.4
M032,Top quartile,Experienced,78.2
M033,Top quartile,Experienced,83.1
M034,Bottom quartile,Experienced,83.2
M035,Bottom quartile,Newer,62.4
M036,Bottom quartile,Experienced,73.3
M037,Bottom quartile,Newer,65.1
M038,Bottom quartile,Newer,60.8
M039,Bottom quartile,Newer,59.2
M040,Bottom quartile,Newer,75.6
M041,Top quartile,Experienced,71.2
M042,Top quartile,Experienced,72.5
M043,Top quartile,Experienced,83.5
M044,Top quartile,Newer,63
M045,Bottom quartile,Experienced,63.9
M046,Top quartile,Experienced,76.4
M047,Bottom quartile,Newer,61.6
M048,Bottom quartile,Newer,75.7
M049,Bottom quartile,Newer,64.8
M050,Bottom quartile,Newer,65.5
M051,Top quartile,Experienced,82.1
M052,Bottom quartile,Newer,67.5
M053,Top quartile,Newer,76.7
M054,Bottom quartile,Newer,70.6
M055,Top quartile,Experienced,78
M056,Bottom quartile,Experienced,68.5
M057,Top quartile,Experienced,74.8
M058,Top quartile,Experienced,79.3
M059,Bottom quartile,Newer,65.7
M060,Bottom quartile,Newer,58.6
M061,Bottom quartile,Newer,66.2
M062,Top quartile,Experienced,80.2
M063,Bottom quartile,Experienced,77.1
M064,Top quartile,Newer,89.3
M065,Bottom quartile,Newer,64.2
M066,Bottom quartile,Newer,64.8
M067,Top quartile,Experienced,76.2
M068,Bottom quartile,Newer,79.2
M069,Bottom quartile,Newer,69.9
M070,Bottom quartile,Newer,76.6
M071,Bottom quartile,Newer,83.1
M072,Bottom quartile,Newer,63.3
M073,Top quartile,Experienced,63.5
M074,Top quartile,Experienced,87.1
M075,Bottom quartile,Newer,63.2
M076,Top quartile,Experienced,77.2
M077,Top quartile,Experienced,88.1
M078,Top quartile,Experienced,72.4
M079,Top quartile,Experienced,88
M080,Top quartile,Experienced,82.8
M081,Top quartile,Experienced,77.8
M082,Top quartile,Experienced,77.3
M083,Bottom quartile,Experienced,65.1
M084,Top quartile,Experienced,83.2
M085,Top quartile,Experienced,72.1
M086,Top quartile,Experienced,76.8
M087,Bottom quartile,Experienced,60.6
M088,Top quartile,Experienced,78.8
M089,Top quartile,Newer,73.6
M090,Top quartile,Newer,72.5
M091,Top quartile,Experienced,75.1
M092,Bottom quartile,Newer,48.5
M093,Top quartile,Newer,67.2
M094,Bottom quartile,Experienced,59.2
M095,Bottom quartile,Experienced,69.6
M096,Top quartile,Experienced,70.9
M097,Top quartile,Experienced,77.7
M098,Bottom quartile,Newer,56.7
M099,Top quartile,Newer,60.4
M100,Top quartile,Experienced,75.1
M101,Top quartile,Newer,70.2
M102,Top quartile,Experienced,74.3
M103,Bottom quartile,Experienced,80.4
M104,Top quartile,Newer,70.2
M105,Top quartile,Newer,64.3
M106,Bottom quartile,Newer,73.2
M107,Bottom quartile,Newer,71.5
M108,Top quartile,Newer,82.4
M109,Bottom quartile,Experienced,75
M110,Bottom quartile,Experienced,66.1
M111,Top quartile,Newer,70.7
M112,Top quartile,Experienced,81.2
M113,Top quartile,Experienced,70.8
M114,Top quartile,Experienced,65.5
M115,Bottom quartile,Newer,70.3
M116,Bottom quartile,Newer,65.2
M117,Bottom quartile,Experienced,80.2
M118,Bottom quartile,Newer,60
M119,Bottom quartile,Experienced,78.6
M120,Top quartile,Newer,62
M121,Bottom quartile,Experienced,81.8
M122,Top quartile,Experienced,80.6
M123,Top quartile,Experienced,74.4
M124,Top quartile,Experienced,82.8
M125,Top quartile,Newer,68.9
M126,Bottom quartile,Experienced,73.5
M127,Bottom quartile,Experienced,70.9
M128,Top quartile,Experienced,56.1
M129,Bottom quartile,Newer,74.7
M130,Bottom quartile,Newer,63
M131,Top quartile,Experienced,84.5
M132,Bottom quartile,Newer,69.2
M133,Top quartile,Newer,76.7
M134,Top quartile,Experienced,75.7
M135,Bottom quartile,Newer,66.1
M136,Top quartile,Experienced,64.1
M137,Top quartile,Newer,78.5
M138,Bottom quartile,Experienced,63.3
M139,Bottom quartile,Newer,66.1
M140,Bottom quartile,Newer,67.5
M141,Bottom quartile,Newer,74.7
M142,Bottom quartile,Newer,58.1
M143,Top quartile,Experienced,81.4
M144,Bottom quartile,Newer,72.5
M145,Bottom quartile,Newer,72.8
M146,Top quartile,Experienced,80.6
M147,Bottom quartile,Newer,54.7
M148,Top quartile,Newer,83.1
M149,Bottom quartile,Newer,81.5
M150,Top quartile,Experienced,86.3
M151,Bottom quartile,Experienced,70
M152,Bottom quartile,Newer,59.6
M153,Bottom quartile,Newer,60
M154,Top quartile,Experienced,75.9
M155,Bottom quartile,Experienced,73.5
M156,Top quartile,Newer,75
M157,Top quartile,Experienced,72.8
M158,Top quartile,Experienced,71.5
M159,Top quartile,Experienced,82.3
M160,Bottom quartile,Newer,65.9
M161,Top quartile,Experienced,88.3
M162,Bottom quartile,Newer,72.1
M163,Top quartile,Experienced,85.7
M164,Bottom quartile,Newer,70.6
M165,Top quartile,Newer,72
M166,Bottom quartile,Experienced,74.3
M167,Top quartile,Experienced,79
M168,Bottom quartile,Newer,81.8
M169,Bottom quartile,Newer,68.8
M170,Top quartile,Experienced,83.6
M171,Bottom quartile,Newer,63.2
M172,Bottom quartile,Experienced,67
M173,Top quartile,Newer,70.4
M174,Bottom quartile,Newer,61
M175,Top quartile,Newer,65.4
M176,Bottom quartile,Experienced,67.1
M177,Bottom quartile,Experienced,69.2
M178,Top quartile,Newer,60.2
M179,Bottom quartile,Experienced,71.9
M180,Bottom quartile,Newer,74.6
M181,Bottom quartile,Newer,69.1
M182,Bottom quartile,Newer,67.5
M183,Top quartile,Newer,63.7
M184,Bottom quartile,Experienced,50.2
M185,Top quartile,Experienced,70
M186,Top quartile,Experienced,77
M187,Top quartile,Newer,62.9
M188,Bottom quartile,Experienced,50.3
M189,Bottom quartile,Newer,74.5
M190,Bottom quartile,Newer,68.1
M191,Bottom quartile,Newer,64.5
M192,Bottom quartile,Newer,74.5
M193,Top quartile,Experienced,76.7
M194,Top quartile,Experienced,79.2
M195,Bottom quartile,Newer,62.9
M196,Top quartile,Newer,68.1
M197,Bottom quartile,Newer,58.1
M198,Top quartile,Experienced,63.5
M199,Bottom quartile,Newer,68.2
M200,Top quartile,Experienced,87
M201,Top quartile,Experienced,78.7
M202,Bottom quartile,Experienced,83.3
M203,Top quartile,Experienced,82.4
M204,Bottom quartile,Newer,64.2
M205,Top quartile,Newer,62.4
M206,Bottom quartile,Newer,78.3
M207,Top quartile,Experienced,65.3
M208,Top quartile,Newer,77.3
M209,Top quartile,Experienced,71.4
M210,Bottom quartile,Newer,62.1
M211,Top quartile,Experienced,69.3
M212,Top quartile,Experienced,85.5
M213,Top quartile,Experienced,78.9
M214,Top quartile,Newer,74.5
M215,Bottom quartile,Newer,56.7
M216,Bottom quartile,Experienced,85.5
M217,Top quartile,Newer,72.6
M218,Bottom quartile,Newer,63.9
M219,Bottom quartile,Newer,67.9
M220,Bottom quartile,Newer,79.7
M221,Top quartile,Experienced,97.2
M222,Bottom quartile,Experienced,82.2
M223,Bottom quartile,Newer,55.5
M224,Bottom quartile,Experienced,91.4
M225,Bottom quartile,Experienced,91.8
M226,Top quartile,Experienced,77.5
M227,Top quartile,Newer,73
M228,Bottom quartile,Newer,70.2
M229,Bottom quartile,Newer,53.7
M230,Top quartile,Experienced,71.2
M231,Top quartile,Experienced,74.9
M232,Bottom quartile,Experienced,67.3
M233,Bottom quartile,Newer,66.2
M234,Top quartile,Newer,73.2
M235,Top quartile,Newer,66
M236,Bottom quartile,Experienced,84.4
M237,Top quartile,Experienced,75.7
M238,Top quartile,Newer,72.9
M239,Bottom quartile,Experienced,70.6
M240,Bottom quartile,Experienced,79.3
M241,Top quartile,Newer,72.7
M242,Top quartile,Experienced,72.5
M243,Bottom quartile,Newer,70.9
M244,Top quartile,Experienced,92.6
M245,Bottom quartile,Newer,85.5
M246,Top quartile,Experienced,74.7
M247,Top quartile,Experienced,82.3
M248,Top quartile,Experienced,76.6
M249,Top quartile,Experienced,60.5
M250,Top quartile,Experienced,73.2
M251,Top quartile,Experienced,69.6
M252,Bottom quartile,Experienced,68.6
M253,Bottom quartile,Newer,65.6
M254,Bottom quartile,Experienced,81.2
M255,Top quartile,Experienced,74.9
M256,Top quartile,Experienced,65.9
M257,Top quartile,Experienced,71
M258,Bottom quartile,Newer,63.7
M259,Bottom quartile,Experienced,82.5
M260,Bottom quartile,Newer,46.2
M261,Bottom quartile,Experienced,77.6
M262,Bottom quartile,Newer,71.9
M263,Top quartile,Newer,69.6
M264,Top quartile,Experienced,85.9
M265,Bottom quartile,Newer,66.1
M266,Top quartile,Experienced,60.1
M267,Bottom quartile,Newer,68.8
M268,Top quartile,Experienced,72
M269,Bottom quartile,Experienced,61.3
M270,Top quartile,Experienced,65.4
M271,Top quartile,Newer,76.2
M272,Bottom quartile,Newer,65.5
M273,Top quartile,Experienced,77.4
M274,Top quartile,Experienced,80.9
M275,Top quartile,Newer,69.4
M276,Top quartile,Experienced,72.2
M277,Bottom quartile,Newer,62.6
M278,Bottom quartile,Experienced,71.8
M279,Top quartile,Experienced,86.5
M280,Bottom quartile,Newer,64
M281,Bottom quartile,Newer,72
M282,Bottom quartile,Experienced,80.1
M283,Bottom quartile,Newer,65.6
M284,Top quartile,Newer,71
M285,Bottom quartile,Newer,75.9
M286,Bottom quartile,Newer,67.7
M287,Top quartile,Newer,66.3
M288,Top quartile,Experienced,62.9
M289,Top quartile,Experienced,92.3
M290,Top quartile,Experienced,77.7
M291,Bottom quartile,Newer,53.5
M292,Bottom quartile,Newer,73.2
M293,Bottom quartile,Newer,65.1
M294,Top quartile,Experienced,81.7
M295,Top quartile,Newer,57.1
M296,Bottom quartile,Newer,61.8
M297,Bottom quartile,Newer,64.5
M298,Top quartile,Newer,87.9
M299,Top quartile,Newer,69.2
M300,Top quartile,Experienced,83.1
